distance,delay,finalWeight,nSpikesA,nSpikesB
2,2,0,2000,2000
4,4,0,2000,2000
6,6,0,2000,2000
8,8,0,2000,2000
10,10,0,2000,2000
12,12,0,2000,2000
14,14,0,2000,2000
16,16,0,2000,2000
18,18,0,2000,2000
20,20,0,2000,2000
22,22,0,2000,2000
24,24,0,2000,2000
26,26,0,2000,2000
28,28,0,2000,2000
30,30,0,2000,2000
32,32,0,2000,2000
34,34,0,2000,2000
36,36,0,2000,2000
38,38,0,2000,2000
40,40,0,2000,2000
42,42,0,2000,2000
44,44,0,2000,2000
46,46,0,2000,2000
48,48,0,2000,2000
50,50,0.5,2000,2000
52,52,1,2000,2000
54,54,1,2000,2000
56,56,1,2000,2000
58,58,1,2000,2000
60,60,1,2000,2000
62,62,1,2000,2000
64,64,1,2000,2000
66,66,1,2000,2000
68,68,1,2000,2000
70,70,1,2000,2000
72,72,1,2000,2000
74,74,1,2000,2000
76,76,1,2000,2000
78,78,1,2000,2000
80,80,1,2000,2000
82,82,1,2000,2000
84,84,1,2000,2000
86,86,1,2000,2000
88,88,1,2000,2000
90,90,1,2000,2000
92,92,1,2000,2000
94,94,1,2000,2000
96,96,1,2000,2000
98,98,1,2000,2000
100,100,0,2000,2000
102,102,0,2000,2000
104,104,0,2000,2000
106,106,0,2000,2000
108,108,0,2000,2000
110,110,0,2000,2000
112,112,0,2000,2000
114,114,0,2000,2000
116,116,0,2000,2000
118,118,0,2000,2000
120,120,0,2000,2000
122,122,0,2000,2000
124,124,0,2000,2000
126,126,0,2000,2000
128,128,0,2000,2000
130,130,0,2000,2000
132,132,0,2000,2000
134,134,0,2000,2000
136,136,0,2000,2000
138,138,0,2000,2000
140,140,0,2000,2000
142,142,0,2000,2000
144,144,0,2000,2000
146,146,0,2000,2000
148,148,0,2000,2000
150,150,0.5,2000,2000
152,152,1,2000,2000
154,154,1,2000,2000
156,156,1,2000,2000
158,158,1,2000,2000
160,160,1,2000,2000
162,162,1,2000,2000
164,164,1,2000,2000
166,166,1,2000,2000
168,168,1,2000,2000
170,170,1,2000,2000
172,172,1,2000,2000
174,174,1,2000,2000
176,176,1,2000,2000
178,178,1,2000,2000
180,180,1,2000,2000
182,182,1,2000,2000
184,184,1,2000,2000
186,186,1,2000,2000
188,188,1,2000,2000
190,190,1,2000,2000
192,192,1,2000,2000
194,194,1,2000,2000
196,196,1,2000,2000
198,198,1,2000,2000
200,200,0,2000,2000
