time,neuron
9,0
58,45
61,44
62,46
62,48
63,40
63,47
63,50
64,41
64,42
64,51
65,43
65,49
65,52
65,53
66,37
66,39
67,36
67,38
67,54
67,55
68,34
68,56
68,57
69,35
70,33
70,58
71,30
71,31
71,32
71,59
72,29
72,60
73,28
73,61
73,62
74,26
74,27
74,63
75,25
75,64
76,24
76,65
77,23
77,66
77,67
78,22
79,19
79,21
79,68
79,69
80,20
80,70
81,18
81,71
82,17
82,72
83,14
83,15
83,16
83,73
84,74
85,11
85,13
85,75
86,12
86,76
86,77
87,8
87,10
87,78
88,9
88,79
89,6
89,7
89,80
90,5
90,81
91,82
92,3
92,4
92,83
93,1
93,2
93,84
93,85
95,86
95,87
96,88
97,89
98,90
99,91
100,92
101,93
102,94
102,95
104,96
104,97
105,98
106,99
107,100
108,101
109,102
110,103
110,104
111,105
112,106
113,107
114,108
115,109
116,110
117,111
118,112
119,113
120,114
120,115
121,116
122,117
123,118
124,119
125,120
126,121
127,122
128,123
129,124
130,125
130,126
131,127
132,128
133,129
134,130
135,131
136,132
137,133
138,134
139,135
139,136
140,137
141,138
142,139
143,140
144,141
145,142
146,143
147,144
148,145
149,146
149,147
150,148
151,149
152,150
153,151
154,152
155,153
156,154
156,155
157,156
158,157
159,158
160,159
161,160
162,161
163,162
164,163
165,164
166,165
166,166
167,167
168,168
169,169
170,170
171,171
172,172
173,173
174,174
174,175
175,176
176,177
177,178
178,179
179,180
180,181
181,182
182,183
183,184
183,185
184,186
185,187
186,188
187,189
188,190
189,191
190,192
191,193
192,194
193,195
194,196
194,197
195,198
196,199
212,0
262,45
264,44
266,42
266,46
266,48
267,40
267,41
267,50
267,51
268,39
268,43
268,47
268,49
268,52
268,53
269,38
269,54
270,36
270,37
270,55
270,57
271,56
272,34
272,35
272,58
273,33
273,59
274,60
275,30
275,31
275,32
275,61
275,62
276,29
276,63
277,28
277,64
278,25
278,26
278,27
278,65
279,66
279,67
280,23
280,24
281,22
281,68
281,69
282,21
282,70
283,20
283,71
284,18
284,19
284,72
285,17
285,73
286,15
286,16
286,74
287,14
287,75
288,11
288,13
288,76
288,77
289,12
289,78
290,8
290,79
291,9
291,10
291,80
292,6
292,7
292,81
293,5
293,82
294,4
294,83
295,3
295,84
295,85
296,1
296,2
297,86
297,87
298,88
299,89
300,90
301,91
302,92
303,93
304,94
304,95
306,96
307,97
307,98
308,99
309,100
310,101
311,102
312,103
313,104
314,105
315,106
316,107
316,108
317,109
318,110
319,111
320,112
321,113
322,114
323,115
324,116
325,117
326,118
326,119
327,120
328,121
329,122
330,123
331,124
332,125
333,126
334,127
335,128
336,129
336,130
337,131
338,132
339,133
340,134
341,135
342,136
343,137
344,138
345,139
346,140
346,141
347,142
348,143
349,144
350,145
351,146
352,147
353,148
354,149
355,150
355,151
356,152
357,153
358,154
359,155
360,156
361,157
362,158
363,159
363,160
364,161
365,162
366,163
367,164
368,165
369,166
370,167
371,168
372,169
373,170
374,171
374,172
375,173
376,174
377,175
378,176
379,177
380,178
381,179
382,180
383,181
384,182
385,183
385,184
386,185
387,186
388,187
389,188
390,189
391,190
392,191
393,192
394,193
395,194
396,195
396,196
397,197
398,198
399,199
418,0
465,45
468,44
469,42
469,48
470,41
470,50
470,51
471,39
471,40
471,43
471,46
471,49
471,52
471,53
472,38
472,47
472,54
473,36
473,37
473,55
474,56
474,57
475,34
475,35
475,58
476,33
476,59
477,60
478,31
478,32
478,61
479,29
479,30
479,62
479,63
480,28
480,64
481,25
481,26
481,27
481,65
482,66
483,23
483,24
483,67
484,22
484,68
484,69
485,21
485,70
486,20
486,71
487,18
487,19
487,72
488,17
488,73
489,16
489,74
490,15
490,75
490,76
491,14
491,77
492,11
492,12
492,13
492,78
493,79
494,80
494,81
495,8
495,9
495,10
496,6
496,7
496,82
497,5
497,83
497,84
498,4
498,85
499,3
499,86
500,1
500,2
500,87
501,88
501,89
503,90
504,91
504,92
505,93
506,94
507,95
508,96
509,97
510,98
511,99
512,100
513,101
514,102
514,103
515,104
516,105
517,106
518,107
519,108
520,109
521,110
522,111
523,112
523,113
525,114
525,115
526,116
527,117
528,118
529,119
530,120
531,121
532,122
533,123
534,124
535,125
535,126
536,127
537,128
538,129
539,130
540,131
541,132
542,133
543,134
544,135
545,136
546,137
547,138
547,139
548,140
549,141
550,142
551,143
552,144
553,145
554,146
555,147
555,148
556,149
557,150
558,151
559,152
560,153
561,154
562,155
563,156
564,157
565,158
566,159
566,160
567,161
568,162
569,163
570,164
571,165
572,166
573,167
574,168
575,169
576,170
577,171
577,172
578,173
579,174
580,175
581,176
582,177
583,178
584,179
585,180
586,181
587,182
588,183
588,184
589,185
590,186
591,187
592,188
593,189
594,190
595,191
596,192
597,193
598,194
599,195
599,196
600,197
601,198
602,199
622,0
668,45
671,44
672,42
672,48
673,41
673,50
673,51
674,39
674,40
674,43
674,46
674,49
674,52
675,47
675,53
675,54
676,36
676,37
676,38
676,55
677,56
677,57
678,35
678,58
679,33
679,34
679,59
680,60
681,31
681,32
681,61
682,29
682,30
682,62
682,63
683,28
683,64
684,27
684,65
685,25
685,26
685,66
686,23
686,67
687,22
687,24
687,68
687,69
688,21
688,70
689,20
689,71
690,18
690,19
690,72
691,17
691,73
692,16
692,74
693,15
693,75
693,76
694,14
694,77
695,12
695,13
695,78
696,11
696,79
697,80
697,81
698,9
698,10
699,6
699,7
699,8
699,82
700,5
700,83
700,84
701,4
701,85
702,3
702,86
703,2
703,87
704,1
704,88
704,89
706,90
707,91
707,92
708,93
709,94
710,95
711,96
712,97
713,98
714,99
715,100
716,101
717,102
717,103
718,104
719,105
720,106
721,107
722,108
723,109
724,110
725,111
726,112
726,113
728,114
728,115
729,116
730,117
731,118
732,119
733,120
734,121
735,122
736,123
737,124
738,125
738,126
739,127
740,128
741,129
742,130
743,131
744,132
745,133
746,134
747,135
747,136
748,137
749,138
750,139
751,140
752,141
753,142
754,143
755,144
756,145
757,146
758,147
758,148
759,149
760,150
761,151
762,152
763,153
764,154
765,155
766,156
767,157
768,158
769,159
769,160
770,161
771,162
772,163
773,164
774,165
775,166
776,167
777,168
778,169
779,170
780,171
780,172
781,173
782,174
783,175
784,176
785,177
786,178
787,179
788,180
789,181
790,182
791,183
791,184
792,185
793,186
794,187
795,188
796,189
797,190
798,191
799,192
800,193
801,194
802,195
802,196
803,197
804,198
805,199
826,0
872,45
874,44
875,48
876,42
876,50
877,41
877,43
877,46
877,49
877,51
878,39
878,40
878,47
878,52
878,53
878,54
879,38
880,36
880,37
880,55
880,56
881,57
882,34
882,35
882,58
882,59
883,33
884,32
884,60
885,31
885,61
885,62
885,63
886,29
886,30
886,64
887,28
887,65
888,26
888,27
888,66
889,23
889,25
889,67
890,22
890,68
890,69
891,21
891,24
891,70
892,20
892,71
893,19
893,72
894,17
894,18
894,73
895,16
895,74
896,15
896,75
896,76
897,14
897,77
898,12
898,13
898,78
899,11
899,79
900,80
900,81
901,9
901,10
902,6
902,7
902,8
902,82
903,5
903,83
903,84
904,4
904,85
905,3
905,86
906,2
906,87
907,1
907,88
907,89
909,90
910,91
910,92
911,93
912,94
913,95
914,96
915,97
916,98
917,99
918,100
919,101
920,102
920,103
921,104
922,105
923,106
924,107
925,108
926,109
927,110
928,111
929,112
929,113
931,114
931,115
932,116
933,117
934,118
935,119
936,120
937,121
938,122
939,123
940,124
941,125
941,126
942,127
943,128
944,129
945,130
946,131
947,132
948,133
949,134
950,135
950,136
951,137
952,138
953,139
954,140
955,141
956,142
957,143
958,144
959,145
960,146
961,147
961,148
962,149
963,150
964,151
965,152
966,153
967,154
968,155
969,156
970,157
971,158
972,159
972,160
973,161
974,162
975,163
976,164
977,165
978,166
979,167
980,168
981,169
982,170
983,171
983,172
984,173
985,174
986,175
987,176
988,177
989,178
990,179
991,180
992,181
993,182
994,183
994,184
995,185
996,186
997,187
998,188
999,189
1000,190
1001,191
1002,192
1003,193
1004,194
1005,195
1005,196
1006,197
1007,198
1008,199
1031,0
1076,45
1077,44
1079,42
1079,48
1080,41
1080,43
1080,46
1080,49
1080,50
1080,51
1081,39
1081,40
1081,47
1082,38
1082,52
1082,53
1082,54
1083,36
1083,37
1084,55
1084,56
1085,34
1085,35
1085,57
1086,33
1086,58
1086,59
1088,31
1088,32
1088,60
1088,61
1089,29
1089,30
1089,62
1089,63
1090,28
1090,64
1090,65
1091,26
1091,27
1091,66
1092,23
1092,25
1093,22
1093,67
1093,68
1094,21
1094,24
1094,69
1094,70
1095,20
1095,71
1096,19
1097,17
1097,18
1097,72
1097,73
1098,16
1098,74
1099,15
1099,75
1099,76
1100,14
1100,77
1101,12
1101,13
1101,78
1102,11
1102,79
1103,80
1103,81
1104,9
1104,10
1105,6
1105,7
1105,8
1105,82
1106,5
1106,83
1106,84
1107,4
1107,85
1108,3
1108,86
1109,2
1109,87
1110,1
1110,88
1110,89
1112,90
1113,91
1113,92
1114,93
1115,94
1116,95
1117,96
1118,97
1119,98
1120,99
1121,100
1122,101
1123,102
1123,103
1124,104
1125,105
1126,106
1127,107
1128,108
1129,109
1130,110
1131,111
1132,112
1132,113
1134,114
1134,115
1135,116
1136,117
1137,118
1138,119
1139,120
1140,121
1141,122
1142,123
1143,124
1144,125
1144,126
1145,127
1146,128
1147,129
1148,130
1149,131
1150,132
1151,133
1152,134
1153,135
1153,136
1154,137
1155,138
1156,139
1157,140
1158,141
1159,142
1160,143
1161,144
1162,145
1163,146
1164,147
1164,148
1165,149
1166,150
1167,151
1168,152
1169,153
1170,154
1171,155
1172,156
1173,157
1174,158
1175,159
1175,160
1176,161
1177,162
1178,163
1179,164
1180,165
1181,166
1182,167
1183,168
1184,169
1185,170
1186,171
1186,172
1187,173
1188,174
1189,175
1190,176
1191,177
1192,178
1193,179
1194,180
1195,181
1196,182
1197,183
1197,184
1198,185
1199,186
1200,187
1201,188
1202,189
1203,190
1204,191
1205,192
1206,193
1207,194
1208,195
1208,196
1209,197
1210,198
1211,199
1241,0
1282,44
1283,45
1284,40
1284,41
1284,42
1284,43
1284,48
1284,51
1285,39
1285,46
1285,49
1285,50
1286,38
1286,47
1286,54
1287,36
1287,37
1287,52
1287,53
1287,56
1288,55
1288,57
1289,34
1289,35
1290,33
1290,58
1290,59
1292,31
1292,32
1292,60
1292,61
1293,29
1293,30
1293,62
1293,63
1294,28
1294,64
1294,65
1295,26
1295,27
1295,66
1296,23
1296,25
1296,67
1297,22
1297,68
1298,21
1298,24
1298,69
1298,70
1299,20
1299,71
1300,19
1301,17
1301,18
1301,72
1301,73
1301,74
1302,15
1302,16
1302,75
1303,76
1303,77
1304,14
1304,78
1305,12
1305,13
1305,79
1306,11
1306,80
1306,81
1307,10
1308,6
1308,7
1308,9
1308,82
1309,5
1309,8
1309,83
1309,84
1310,85
1311,3
1311,4
1311,86
1312,2
1312,87
1313,1
1313,88
1313,89
1315,90
1316,91
1316,92
1317,93
1318,94
1319,95
1320,96
1321,97
1322,98
1323,99
1324,100
1325,101
1326,102
1326,103
1327,104
1328,105
1329,106
1330,107
1331,108
1332,109
1333,110
1334,111
1335,112
1335,113
1337,114
1337,115
1338,116
1339,117
1340,118
1341,119
1342,120
1343,121
1344,122
1345,123
1346,124
1347,125
1347,126
1348,127
1349,128
1350,129
1351,130
1352,131
1353,132
1354,133
1355,134
1356,135
1356,136
1357,137
1358,138
1359,139
1360,140
1361,141
1362,142
1363,143
1364,144
1365,145
1366,146
1367,147
1367,148
1368,149
1369,150
1370,151
1371,152
1372,153
1373,154
1374,155
1375,156
1376,157
1377,158
1378,159
1378,160
1379,161
1380,162
1381,163
1382,164
1383,165
1384,166
1385,167
1386,168
1387,169
1388,170
1389,171
1389,172
1390,173
1391,174
1392,175
1393,176
1394,177
1395,178
1396,179
1397,180
1398,181
1399,182
1400,183
1400,184
1401,185
1402,186
1403,187
1404,188
1405,189
1406,190
1407,191
1408,192
1409,193
1410,194
1411,195
1411,196
1412,197
1413,198
1414,199
1447,0
1486,44
1487,51
1488,40
1488,42
1488,45
1489,38
1489,39
1489,41
1489,43
1489,46
1489,48
1490,37
1490,47
1490,49
1490,50
1490,54
1491,36
1491,52
1491,53
1491,56
1492,55
1492,57
1493,33
1493,34
1493,35
1494,58
1494,59
1495,31
1495,32
1495,60
1496,29
1496,30
1496,61
1497,28
1497,62
1497,63
1498,26
1498,27
1498,64
1498,65
1499,25
1499,66
1500,23
1500,67
1501,22
1501,24
1501,68
1501,69
1502,21
1502,70
1503,20
1503,71
1504,19
1504,72
1505,17
1505,18
1505,73
1505,74
1506,15
1506,16
1506,75
1507,76
1507,77
1508,14
1508,78
1508,79
1509,12
1509,13
1510,11
1510,80
1510,81
1511,6
1511,10
1512,5
1512,7
1512,9
1512,82
1513,8
1513,83
1513,84
1513,85
1514,3
1514,4
1515,86
1515,87
1516,1
1516,2
1516,88
1516,89
1518,90
1519,91
1519,92
1520,93
1521,94
1522,95
1523,96
1524,97
1525,98
1526,99
1527,100
1528,101
1529,102
1529,103
1530,104
1531,105
1532,106
1533,107
1534,108
1535,109
1536,110
1537,111
1538,112
1538,113
1540,114
1540,115
1541,116
1542,117
1543,118
1544,119
1545,120
1546,121
1547,122
1548,123
1549,124
1550,125
1550,126
1551,127
1552,128
1553,129
1554,130
1555,131
1556,132
1557,133
1558,134
1559,135
1559,136
1560,137
1561,138
1562,139
1563,140
1564,141
1565,142
1566,143
1567,144
1568,145
1569,146
1570,147
1570,148
1571,149
1572,150
1573,151
1574,152
1575,153
1576,154
1577,155
1578,156
1579,157
1580,158
1581,159
1581,160
1582,161
1583,162
1584,163
1585,164
1586,165
1587,166
1588,167
1589,168
1590,169
1591,170
1592,171
1592,172
1593,173
1594,174
1595,175
1596,176
1597,177
1598,178
1599,179
1600,180
1601,181
1602,182
1603,183
1603,184
1604,185
1605,186
1606,187
1607,188
1608,189
1609,190
1610,191
1611,192
1612,193
1613,194
1614,195
1614,196
1615,197
1616,198
1617,199
1653,0
1690,44
1690,51
1692,38
1692,40
1692,42
1692,45
1692,46
1693,37
1693,39
1693,41
1693,43
1693,47
1693,48
1693,54
1694,36
1694,49
1694,50
1694,53
1694,56
1695,52
1695,57
1696,33
1696,34
1696,35
1696,55
1697,58
1698,31
1698,59
1699,29
1699,32
1699,60
1699,61
1700,28
1700,30
1700,62
1701,26
1701,27
1701,63
1701,65
1702,25
1702,64
1702,66
1703,23
1703,67
1704,22
1704,24
1704,69
1705,68
1706,20
1706,21
1706,70
1706,71
1707,19
1707,72
1708,18
1708,73
1708,74
1709,16
1709,17
1709,75
1710,15
1710,76
1710,77
1711,14
1711,78
1711,79
1712,13
1713,12
1713,80
1713,81
1714,6
1714,11
1715,5
1715,10
1715,82
1716,7
1716,8
1716,9
1716,83
1716,84
1716,85
1717,3
1717,4
1718,86
1718,87
1719,1
1719,2
1719,88
1719,89
1721,90
1722,91
1722,92
1723,93
1724,94
1725,95
1726,96
1727,97
1728,98
1729,99
1730,100
1731,101
1732,102
1732,103
1733,104
1734,105
1735,106
1736,107
1737,108
1738,109
1739,110
1740,111
1741,112
1741,113
1743,114
1743,115
1744,116
1745,117
1746,118
1747,119
1748,120
1749,121
1750,122
1751,123
1752,124
1753,125
1753,126
1754,127
1755,128
1756,129
1757,130
1758,131
1759,132
1760,133
1761,134
1762,135
1762,136
1763,137
1764,138
1765,139
1766,140
1767,141
1768,142
1769,143
1770,144
1771,145
1772,146
1773,147
1773,148
1774,149
1775,150
1776,151
1777,152
1778,153
1779,154
1780,155
1781,156
1782,157
1783,158
1784,159
1784,160
1785,161
1786,162
1787,163
1788,164
1789,165
1790,166
1791,167
1792,168
1793,169
1794,170
1795,171
1795,172
1796,173
1797,174
1798,175
1799,176
1800,177
1801,178
1802,179
1803,180
1804,181
1805,182
1806,183
1806,184
1807,185
1808,186
1809,187
1810,188
1811,189
1812,190
1813,191
1814,192
1815,193
1816,194
1817,195
1817,196
1818,197
1819,198
1820,199
1858,0
1893,51
1894,44
1895,46
1896,37
1896,38
1896,40
1896,42
1896,45
1896,47
1896,54
1897,36
1897,39
1897,41
1897,43
1897,48
1897,53
1897,56
1898,50
1898,57
1899,34
1899,35
1899,49
1899,52
1899,55
1900,33
1900,58
1901,31
1901,59
1902,29
1902,32
1902,60
1902,61
1903,28
1903,30
1903,62
1904,26
1904,63
1904,65
1905,25
1905,27
1905,64
1905,66
1906,23
1906,67
1907,22
1907,24
1908,68
1908,69
1909,20
1909,21
1909,70
1909,71
1910,19
1911,18
1911,72
1911,73
1911,74
1912,17
1912,75
1913,15
1913,16
1913,76
1913,77
1914,14
1914,78
1915,13
1915,79
1916,12
1916,80
1916,81
1917,6
1917,11
1918,5
1918,10
1918,82
1919,7
1919,9
1919,83
1919,84
1919,85
1920,3
1920,4
1920,8
1921,86
1921,87
1922,1
1922,2
1922,88
1922,89
1924,90
1925,91
1925,92
1926,93
1927,94
1928,95
1929,96
1930,97
1931,98
1932,99
1933,100
1934,101
1935,102
1935,103
1936,104
1937,105
1938,106
1939,107
1940,108
1941,109
1942,110
1943,111
1944,112
1944,113
1946,114
1946,115
1947,116
1948,117
1949,118
1950,119
1951,120
1952,121
1953,122
1954,123
1955,124
1956,125
1956,126
1957,127
1958,128
1959,129
1960,130
1961,131
1962,132
1963,133
1964,134
1965,135
1965,136
1966,137
1967,138
1968,139
1969,140
1970,141
1971,142
1972,143
1973,144
1974,145
1975,146
1976,147
1976,148
1977,149
1978,150
1979,151
1980,152
1981,153
1982,154
1983,155
1984,156
1985,157
1986,158
1987,159
1987,160
1988,161
1989,162
1990,163
1991,164
1992,165
1993,166
1994,167
1995,168
1996,169
1997,170
1998,171
1998,172
1999,173
