time,neuron,pulseCenter,offset
0,0,0,0
0,0,0,0
0,0,0,0
0,0,0,0
0,0,0,0
0,0,0,0
1,0,0,1
1,0,0,1
1,0,0,1
1,0,0,1
1,0,0,1
1,0,0,1
2,0,0,2
2,0,0,2
2,0,0,2
2,0,0,2
2,0,0,2
2,0,0,2
3,0,0,3
3,0,0,3
3,0,0,3
3,0,0,3
3,0,0,3
4,0,0,4
4,0,0,4
4,0,0,4
4,0,0,4
5,0,0,5
5,0,0,5
5,0,0,5
5,0,0,5
6,0,0,6
6,0,0,6
6,0,0,6
7,0,0,7
7,0,0,7
8,0,0,8
8,0,0,8
9,0,0,9
10,0,0,10
11,0,0,11
39,0,50,-11
40,0,50,-10
41,0,50,-9
42,0,50,-8
42,0,50,-8
43,0,50,-7
43,0,50,-7
44,0,50,-6
44,0,50,-6
44,0,50,-6
45,0,50,-5
45,0,50,-5
45,0,50,-5
45,0,50,-5
46,0,50,-4
46,0,50,-4
46,0,50,-4
46,0,50,-4
47,0,50,-3
47,0,50,-3
47,0,50,-3
47,0,50,-3
47,0,50,-3
48,0,50,-2
48,0,50,-2
48,0,50,-2
48,0,50,-2
48,0,50,-2
48,0,50,-2
49,0,50,-1
49,0,50,-1
49,0,50,-1
49,0,50,-1
49,0,50,-1
49,0,50,-1
50,0,50,0
50,0,50,0
50,0,50,0
50,0,50,0
50,0,50,0
50,0,50,0
51,0,50,1
51,0,50,1
51,0,50,1
51,0,50,1
51,0,50,1
51,0,50,1
52,0,50,2
52,0,50,2
52,0,50,2
52,0,50,2
52,0,50,2
52,0,50,2
53,0,50,3
53,0,50,3
53,0,50,3
53,0,50,3
53,0,50,3
54,0,50,4
54,0,50,4
54,0,50,4
54,0,50,4
55,0,50,5
55,0,50,5
55,0,50,5
55,0,50,5
56,0,50,6
56,0,50,6
56,0,50,6
57,0,50,7
57,0,50,7
58,0,50,8
58,0,50,8
59,0,50,9
60,0,50,10
61,0,50,11
89,0,100,-11
90,0,100,-10
91,0,100,-9
92,0,100,-8
92,0,100,-8
93,0,100,-7
93,0,100,-7
94,0,100,-6
94,0,100,-6
94,0,100,-6
95,0,100,-5
95,0,100,-5
95,0,100,-5
95,0,100,-5
96,0,100,-4
96,0,100,-4
96,0,100,-4
96,0,100,-4
97,0,100,-3
97,0,100,-3
97,0,100,-3
97,0,100,-3
97,0,100,-3
98,0,100,-2
98,0,100,-2
98,0,100,-2
98,0,100,-2
98,0,100,-2
98,0,100,-2
99,0,100,-1
99,0,100,-1
99,0,100,-1
99,0,100,-1
99,0,100,-1
99,0,100,-1
100,0,100,0
100,0,100,0
100,0,100,0
100,0,100,0
100,0,100,0
100,0,100,0
101,0,100,1
101,0,100,1
101,0,100,1
101,0,100,1
101,0,100,1
101,0,100,1
102,0,100,2
102,0,100,2
102,0,100,2
102,0,100,2
102,0,100,2
102,0,100,2
103,0,100,3
103,0,100,3
103,0,100,3
103,0,100,3
103,0,100,3
104,0,100,4
104,0,100,4
104,0,100,4
104,0,100,4
105,0,100,5
105,0,100,5
105,0,100,5
105,0,100,5
106,0,100,6
106,0,100,6
106,0,100,6
107,0,100,7
107,0,100,7
108,0,100,8
108,0,100,8
109,0,100,9
110,0,100,10
111,0,100,11
139,0,150,-11
140,0,150,-10
141,0,150,-9
142,0,150,-8
142,0,150,-8
143,0,150,-7
143,0,150,-7
144,0,150,-6
144,0,150,-6
144,0,150,-6
145,0,150,-5
145,0,150,-5
145,0,150,-5
145,0,150,-5
146,0,150,-4
146,0,150,-4
146,0,150,-4
146,0,150,-4
147,0,150,-3
147,0,150,-3
147,0,150,-3
147,0,150,-3
147,0,150,-3
148,0,150,-2
148,0,150,-2
148,0,150,-2
148,0,150,-2
148,0,150,-2
148,0,150,-2
149,0,150,-1
149,0,150,-1
149,0,150,-1
149,0,150,-1
149,0,150,-1
149,0,150,-1
150,0,150,0
150,0,150,0
150,0,150,0
150,0,150,0
150,0,150,0
150,0,150,0
151,0,150,1
151,0,150,1
151,0,150,1
151,0,150,1
151,0,150,1
151,0,150,1
152,0,150,2
152,0,150,2
152,0,150,2
152,0,150,2
152,0,150,2
152,0,150,2
153,0,150,3
153,0,150,3
153,0,150,3
153,0,150,3
153,0,150,3
154,0,150,4
154,0,150,4
154,0,150,4
154,0,150,4
155,0,150,5
155,0,150,5
155,0,150,5
155,0,150,5
156,0,150,6
156,0,150,6
156,0,150,6
157,0,150,7
157,0,150,7
158,0,150,8
158,0,150,8
159,0,150,9
160,0,150,10
161,0,150,11
189,0,200,-11
190,0,200,-10
191,0,200,-9
192,0,200,-8
192,0,200,-8
193,0,200,-7
193,0,200,-7
194,0,200,-6
194,0,200,-6
194,0,200,-6
195,0,200,-5
195,0,200,-5
195,0,200,-5
195,0,200,-5
196,0,200,-4
196,0,200,-4
196,0,200,-4
196,0,200,-4
197,0,200,-3
197,0,200,-3
197,0,200,-3
197,0,200,-3
197,0,200,-3
198,0,200,-2
198,0,200,-2
198,0,200,-2
198,0,200,-2
198,0,200,-2
198,0,200,-2
199,0,200,-1
199,0,200,-1
199,0,200,-1
199,0,200,-1
199,0,200,-1
199,0,200,-1
200,0,200,0
200,0,200,0
200,0,200,0
200,0,200,0
200,0,200,0
200,0,200,0
201,0,200,1
201,0,200,1
201,0,200,1
201,0,200,1
201,0,200,1
201,0,200,1
202,0,200,2
202,0,200,2
202,0,200,2
202,0,200,2
202,0,200,2
202,0,200,2
203,0,200,3
203,0,200,3
203,0,200,3
203,0,200,3
203,0,200,3
204,0,200,4
204,0,200,4
204,0,200,4
204,0,200,4
205,0,200,5
205,0,200,5
205,0,200,5
205,0,200,5
206,0,200,6
206,0,200,6
206,0,200,6
207,0,200,7
207,0,200,7
208,0,200,8
208,0,200,8
209,0,200,9
210,0,200,10
211,0,200,11
239,0,250,-11
240,0,250,-10
241,0,250,-9
242,0,250,-8
242,0,250,-8
243,0,250,-7
243,0,250,-7
244,0,250,-6
244,0,250,-6
244,0,250,-6
245,0,250,-5
245,0,250,-5
245,0,250,-5
245,0,250,-5
246,0,250,-4
246,0,250,-4
246,0,250,-4
246,0,250,-4
247,0,250,-3
247,0,250,-3
247,0,250,-3
247,0,250,-3
247,0,250,-3
248,0,250,-2
248,0,250,-2
248,0,250,-2
248,0,250,-2
248,0,250,-2
248,0,250,-2
249,0,250,-1
249,0,250,-1
249,0,250,-1
249,0,250,-1
249,0,250,-1
249,0,250,-1
250,0,250,0
250,0,250,0
250,0,250,0
250,0,250,0
250,0,250,0
250,0,250,0
251,0,250,1
251,0,250,1
251,0,250,1
251,0,250,1
251,0,250,1
251,0,250,1
252,0,250,2
252,0,250,2
252,0,250,2
252,0,250,2
252,0,250,2
252,0,250,2
253,0,250,3
253,0,250,3
253,0,250,3
253,0,250,3
253,0,250,3
254,0,250,4
254,0,250,4
254,0,250,4
254,0,250,4
255,0,250,5
255,0,250,5
255,0,250,5
255,0,250,5
256,0,250,6
256,0,250,6
256,0,250,6
257,0,250,7
257,0,250,7
258,0,250,8
258,0,250,8
259,0,250,9
260,0,250,10
261,0,250,11
289,0,300,-11
290,0,300,-10
291,0,300,-9
292,0,300,-8
292,0,300,-8
293,0,300,-7
293,0,300,-7
294,0,300,-6
294,0,300,-6
294,0,300,-6
295,0,300,-5
295,0,300,-5
295,0,300,-5
295,0,300,-5
296,0,300,-4
296,0,300,-4
296,0,300,-4
296,0,300,-4
297,0,300,-3
297,0,300,-3
297,0,300,-3
297,0,300,-3
297,0,300,-3
298,0,300,-2
298,0,300,-2
298,0,300,-2
298,0,300,-2
298,0,300,-2
298,0,300,-2
299,0,300,-1
299,0,300,-1
299,0,300,-1
299,0,300,-1
299,0,300,-1
299,0,300,-1
300,0,300,0
300,0,300,0
300,0,300,0
300,0,300,0
300,0,300,0
300,0,300,0
301,0,300,1
301,0,300,1
301,0,300,1
301,0,300,1
301,0,300,1
301,0,300,1
302,0,300,2
302,0,300,2
302,0,300,2
302,0,300,2
302,0,300,2
302,0,300,2
303,0,300,3
303,0,300,3
303,0,300,3
303,0,300,3
303,0,300,3
304,0,300,4
304,0,300,4
304,0,300,4
304,0,300,4
305,0,300,5
305,0,300,5
305,0,300,5
305,0,300,5
306,0,300,6
306,0,300,6
306,0,300,6
307,0,300,7
307,0,300,7
308,0,300,8
308,0,300,8
309,0,300,9
310,0,300,10
311,0,300,11
339,0,350,-11
340,0,350,-10
341,0,350,-9
342,0,350,-8
342,0,350,-8
343,0,350,-7
343,0,350,-7
344,0,350,-6
344,0,350,-6
344,0,350,-6
345,0,350,-5
345,0,350,-5
345,0,350,-5
345,0,350,-5
346,0,350,-4
346,0,350,-4
346,0,350,-4
346,0,350,-4
347,0,350,-3
347,0,350,-3
347,0,350,-3
347,0,350,-3
347,0,350,-3
348,0,350,-2
348,0,350,-2
348,0,350,-2
348,0,350,-2
348,0,350,-2
348,0,350,-2
349,0,350,-1
349,0,350,-1
349,0,350,-1
349,0,350,-1
349,0,350,-1
349,0,350,-1
350,0,350,0
350,0,350,0
350,0,350,0
350,0,350,0
350,0,350,0
350,0,350,0
351,0,350,1
351,0,350,1
351,0,350,1
351,0,350,1
351,0,350,1
351,0,350,1
352,0,350,2
352,0,350,2
352,0,350,2
352,0,350,2
352,0,350,2
352,0,350,2
353,0,350,3
353,0,350,3
353,0,350,3
353,0,350,3
353,0,350,3
354,0,350,4
354,0,350,4
354,0,350,4
354,0,350,4
355,0,350,5
355,0,350,5
355,0,350,5
355,0,350,5
356,0,350,6
356,0,350,6
356,0,350,6
357,0,350,7
357,0,350,7
358,0,350,8
358,0,350,8
359,0,350,9
360,0,350,10
361,0,350,11
389,0,400,-11
390,0,400,-10
391,0,400,-9
392,0,400,-8
392,0,400,-8
393,0,400,-7
393,0,400,-7
394,0,400,-6
394,0,400,-6
394,0,400,-6
395,0,400,-5
395,0,400,-5
395,0,400,-5
395,0,400,-5
396,0,400,-4
396,0,400,-4
396,0,400,-4
396,0,400,-4
397,0,400,-3
397,0,400,-3
397,0,400,-3
397,0,400,-3
397,0,400,-3
398,0,400,-2
398,0,400,-2
398,0,400,-2
398,0,400,-2
398,0,400,-2
398,0,400,-2
399,0,400,-1
399,0,400,-1
399,0,400,-1
399,0,400,-1
399,0,400,-1
399,0,400,-1
400,0,400,0
400,0,400,0
400,0,400,0
400,0,400,0
400,0,400,0
400,0,400,0
401,0,400,1
401,0,400,1
401,0,400,1
401,0,400,1
401,0,400,1
401,0,400,1
402,0,400,2
402,0,400,2
402,0,400,2
402,0,400,2
402,0,400,2
402,0,400,2
403,0,400,3
403,0,400,3
403,0,400,3
403,0,400,3
403,0,400,3
404,0,400,4
404,0,400,4
404,0,400,4
404,0,400,4
405,0,400,5
405,0,400,5
405,0,400,5
405,0,400,5
406,0,400,6
406,0,400,6
406,0,400,6
407,0,400,7
407,0,400,7
408,0,400,8
408,0,400,8
409,0,400,9
410,0,400,10
411,0,400,11
439,0,450,-11
440,0,450,-10
441,0,450,-9
442,0,450,-8
442,0,450,-8
443,0,450,-7
443,0,450,-7
444,0,450,-6
444,0,450,-6
444,0,450,-6
445,0,450,-5
445,0,450,-5
445,0,450,-5
445,0,450,-5
446,0,450,-4
446,0,450,-4
446,0,450,-4
446,0,450,-4
447,0,450,-3
447,0,450,-3
447,0,450,-3
447,0,450,-3
447,0,450,-3
448,0,450,-2
448,0,450,-2
448,0,450,-2
448,0,450,-2
448,0,450,-2
448,0,450,-2
449,0,450,-1
449,0,450,-1
449,0,450,-1
449,0,450,-1
449,0,450,-1
449,0,450,-1
450,0,450,0
450,0,450,0
450,0,450,0
450,0,450,0
450,0,450,0
450,0,450,0
451,0,450,1
451,0,450,1
451,0,450,1
451,0,450,1
451,0,450,1
451,0,450,1
452,0,450,2
452,0,450,2
452,0,450,2
452,0,450,2
452,0,450,2
452,0,450,2
453,0,450,3
453,0,450,3
453,0,450,3
453,0,450,3
453,0,450,3
454,0,450,4
454,0,450,4
454,0,450,4
454,0,450,4
455,0,450,5
455,0,450,5
455,0,450,5
455,0,450,5
456,0,450,6
456,0,450,6
456,0,450,6
457,0,450,7
457,0,450,7
458,0,450,8
458,0,450,8
459,0,450,9
460,0,450,10
461,0,450,11
489,0,500,-11
490,0,500,-10
491,0,500,-9
492,0,500,-8
492,0,500,-8
493,0,500,-7
493,0,500,-7
494,0,500,-6
494,0,500,-6
494,0,500,-6
495,0,500,-5
495,0,500,-5
495,0,500,-5
495,0,500,-5
496,0,500,-4
496,0,500,-4
496,0,500,-4
496,0,500,-4
497,0,500,-3
497,0,500,-3
497,0,500,-3
497,0,500,-3
497,0,500,-3
498,0,500,-2
498,0,500,-2
498,0,500,-2
498,0,500,-2
498,0,500,-2
498,0,500,-2
499,0,500,-1
499,0,500,-1
499,0,500,-1
499,0,500,-1
499,0,500,-1
499,0,500,-1
500,0,500,0
500,0,500,0
500,0,500,0
500,0,500,0
500,0,500,0
500,0,500,0
501,0,500,1
501,0,500,1
501,0,500,1
501,0,500,1
501,0,500,1
501,0,500,1
502,0,500,2
502,0,500,2
502,0,500,2
502,0,500,2
502,0,500,2
502,0,500,2
503,0,500,3
503,0,500,3
503,0,500,3
503,0,500,3
503,0,500,3
504,0,500,4
504,0,500,4
504,0,500,4
504,0,500,4
505,0,500,5
505,0,500,5
505,0,500,5
505,0,500,5
506,0,500,6
506,0,500,6
506,0,500,6
507,0,500,7
507,0,500,7
508,0,500,8
508,0,500,8
509,0,500,9
510,0,500,10
511,0,500,11
539,0,550,-11
540,0,550,-10
541,0,550,-9
542,0,550,-8
542,0,550,-8
543,0,550,-7
543,0,550,-7
544,0,550,-6
544,0,550,-6
544,0,550,-6
545,0,550,-5
545,0,550,-5
545,0,550,-5
545,0,550,-5
546,0,550,-4
546,0,550,-4
546,0,550,-4
546,0,550,-4
547,0,550,-3
547,0,550,-3
547,0,550,-3
547,0,550,-3
547,0,550,-3
548,0,550,-2
548,0,550,-2
548,0,550,-2
548,0,550,-2
548,0,550,-2
548,0,550,-2
549,0,550,-1
549,0,550,-1
549,0,550,-1
549,0,550,-1
549,0,550,-1
549,0,550,-1
550,0,550,0
550,0,550,0
550,0,550,0
550,0,550,0
550,0,550,0
550,0,550,0
551,0,550,1
551,0,550,1
551,0,550,1
551,0,550,1
551,0,550,1
551,0,550,1
552,0,550,2
552,0,550,2
552,0,550,2
552,0,550,2
552,0,550,2
552,0,550,2
553,0,550,3
553,0,550,3
553,0,550,3
553,0,550,3
553,0,550,3
554,0,550,4
554,0,550,4
554,0,550,4
554,0,550,4
555,0,550,5
555,0,550,5
555,0,550,5
555,0,550,5
556,0,550,6
556,0,550,6
556,0,550,6
557,0,550,7
557,0,550,7
558,0,550,8
558,0,550,8
559,0,550,9
560,0,550,10
561,0,550,11
589,0,600,-11
590,0,600,-10
591,0,600,-9
592,0,600,-8
592,0,600,-8
593,0,600,-7
593,0,600,-7
594,0,600,-6
594,0,600,-6
594,0,600,-6
595,0,600,-5
595,0,600,-5
595,0,600,-5
595,0,600,-5
596,0,600,-4
596,0,600,-4
596,0,600,-4
596,0,600,-4
597,0,600,-3
597,0,600,-3
597,0,600,-3
597,0,600,-3
597,0,600,-3
598,0,600,-2
598,0,600,-2
598,0,600,-2
598,0,600,-2
598,0,600,-2
598,0,600,-2
599,0,600,-1
599,0,600,-1
599,0,600,-1
599,0,600,-1
599,0,600,-1
599,0,600,-1
600,0,600,0
600,0,600,0
600,0,600,0
600,0,600,0
600,0,600,0
600,0,600,0
601,0,600,1
601,0,600,1
601,0,600,1
601,0,600,1
601,0,600,1
601,0,600,1
602,0,600,2
602,0,600,2
602,0,600,2
602,0,600,2
602,0,600,2
602,0,600,2
603,0,600,3
603,0,600,3
603,0,600,3
603,0,600,3
603,0,600,3
604,0,600,4
604,0,600,4
604,0,600,4
604,0,600,4
605,0,600,5
605,0,600,5
605,0,600,5
605,0,600,5
606,0,600,6
606,0,600,6
606,0,600,6
607,0,600,7
607,0,600,7
608,0,600,8
608,0,600,8
609,0,600,9
610,0,600,10
611,0,600,11
639,0,650,-11
640,0,650,-10
641,0,650,-9
642,0,650,-8
642,0,650,-8
643,0,650,-7
643,0,650,-7
644,0,650,-6
644,0,650,-6
644,0,650,-6
645,0,650,-5
645,0,650,-5
645,0,650,-5
645,0,650,-5
646,0,650,-4
646,0,650,-4
646,0,650,-4
646,0,650,-4
647,0,650,-3
647,0,650,-3
647,0,650,-3
647,0,650,-3
647,0,650,-3
648,0,650,-2
648,0,650,-2
648,0,650,-2
648,0,650,-2
648,0,650,-2
648,0,650,-2
649,0,650,-1
649,0,650,-1
649,0,650,-1
649,0,650,-1
649,0,650,-1
649,0,650,-1
650,0,650,0
650,0,650,0
650,0,650,0
650,0,650,0
650,0,650,0
650,0,650,0
651,0,650,1
651,0,650,1
651,0,650,1
651,0,650,1
651,0,650,1
651,0,650,1
652,0,650,2
652,0,650,2
652,0,650,2
652,0,650,2
652,0,650,2
652,0,650,2
653,0,650,3
653,0,650,3
653,0,650,3
653,0,650,3
653,0,650,3
654,0,650,4
654,0,650,4
654,0,650,4
654,0,650,4
655,0,650,5
655,0,650,5
655,0,650,5
655,0,650,5
656,0,650,6
656,0,650,6
656,0,650,6
657,0,650,7
657,0,650,7
658,0,650,8
658,0,650,8
659,0,650,9
660,0,650,10
661,0,650,11
689,0,700,-11
690,0,700,-10
691,0,700,-9
692,0,700,-8
692,0,700,-8
693,0,700,-7
693,0,700,-7
694,0,700,-6
694,0,700,-6
694,0,700,-6
695,0,700,-5
695,0,700,-5
695,0,700,-5
695,0,700,-5
696,0,700,-4
696,0,700,-4
696,0,700,-4
696,0,700,-4
697,0,700,-3
697,0,700,-3
697,0,700,-3
697,0,700,-3
697,0,700,-3
698,0,700,-2
698,0,700,-2
698,0,700,-2
698,0,700,-2
698,0,700,-2
698,0,700,-2
699,0,700,-1
699,0,700,-1
699,0,700,-1
699,0,700,-1
699,0,700,-1
699,0,700,-1
700,0,700,0
700,0,700,0
700,0,700,0
700,0,700,0
700,0,700,0
700,0,700,0
701,0,700,1
701,0,700,1
701,0,700,1
701,0,700,1
701,0,700,1
701,0,700,1
702,0,700,2
702,0,700,2
702,0,700,2
702,0,700,2
702,0,700,2
702,0,700,2
703,0,700,3
703,0,700,3
703,0,700,3
703,0,700,3
703,0,700,3
704,0,700,4
704,0,700,4
704,0,700,4
704,0,700,4
705,0,700,5
705,0,700,5
705,0,700,5
705,0,700,5
706,0,700,6
706,0,700,6
706,0,700,6
707,0,700,7
707,0,700,7
708,0,700,8
708,0,700,8
709,0,700,9
710,0,700,10
711,0,700,11
739,0,750,-11
740,0,750,-10
741,0,750,-9
742,0,750,-8
742,0,750,-8
743,0,750,-7
743,0,750,-7
744,0,750,-6
744,0,750,-6
744,0,750,-6
745,0,750,-5
745,0,750,-5
745,0,750,-5
745,0,750,-5
746,0,750,-4
746,0,750,-4
746,0,750,-4
746,0,750,-4
747,0,750,-3
747,0,750,-3
747,0,750,-3
747,0,750,-3
747,0,750,-3
748,0,750,-2
748,0,750,-2
748,0,750,-2
748,0,750,-2
748,0,750,-2
748,0,750,-2
749,0,750,-1
749,0,750,-1
749,0,750,-1
749,0,750,-1
749,0,750,-1
749,0,750,-1
750,0,750,0
750,0,750,0
750,0,750,0
750,0,750,0
750,0,750,0
750,0,750,0
751,0,750,1
751,0,750,1
751,0,750,1
751,0,750,1
751,0,750,1
751,0,750,1
752,0,750,2
752,0,750,2
752,0,750,2
752,0,750,2
752,0,750,2
752,0,750,2
753,0,750,3
753,0,750,3
753,0,750,3
753,0,750,3
753,0,750,3
754,0,750,4
754,0,750,4
754,0,750,4
754,0,750,4
755,0,750,5
755,0,750,5
755,0,750,5
755,0,750,5
756,0,750,6
756,0,750,6
756,0,750,6
757,0,750,7
757,0,750,7
758,0,750,8
758,0,750,8
759,0,750,9
760,0,750,10
761,0,750,11
789,0,800,-11
790,0,800,-10
791,0,800,-9
792,0,800,-8
792,0,800,-8
793,0,800,-7
793,0,800,-7
794,0,800,-6
794,0,800,-6
794,0,800,-6
795,0,800,-5
795,0,800,-5
795,0,800,-5
795,0,800,-5
796,0,800,-4
796,0,800,-4
796,0,800,-4
796,0,800,-4
797,0,800,-3
797,0,800,-3
797,0,800,-3
797,0,800,-3
797,0,800,-3
798,0,800,-2
798,0,800,-2
798,0,800,-2
798,0,800,-2
798,0,800,-2
798,0,800,-2
799,0,800,-1
799,0,800,-1
799,0,800,-1
799,0,800,-1
799,0,800,-1
799,0,800,-1
800,0,800,0
800,0,800,0
800,0,800,0
800,0,800,0
800,0,800,0
800,0,800,0
801,0,800,1
801,0,800,1
801,0,800,1
801,0,800,1
801,0,800,1
801,0,800,1
802,0,800,2
802,0,800,2
802,0,800,2
802,0,800,2
802,0,800,2
802,0,800,2
803,0,800,3
803,0,800,3
803,0,800,3
803,0,800,3
803,0,800,3
804,0,800,4
804,0,800,4
804,0,800,4
804,0,800,4
805,0,800,5
805,0,800,5
805,0,800,5
805,0,800,5
806,0,800,6
806,0,800,6
806,0,800,6
807,0,800,7
807,0,800,7
808,0,800,8
808,0,800,8
809,0,800,9
810,0,800,10
811,0,800,11
839,0,850,-11
840,0,850,-10
841,0,850,-9
842,0,850,-8
842,0,850,-8
843,0,850,-7
843,0,850,-7
844,0,850,-6
844,0,850,-6
844,0,850,-6
845,0,850,-5
845,0,850,-5
845,0,850,-5
845,0,850,-5
846,0,850,-4
846,0,850,-4
846,0,850,-4
846,0,850,-4
847,0,850,-3
847,0,850,-3
847,0,850,-3
847,0,850,-3
847,0,850,-3
848,0,850,-2
848,0,850,-2
848,0,850,-2
848,0,850,-2
848,0,850,-2
848,0,850,-2
849,0,850,-1
849,0,850,-1
849,0,850,-1
849,0,850,-1
849,0,850,-1
849,0,850,-1
850,0,850,0
850,0,850,0
850,0,850,0
850,0,850,0
850,0,850,0
850,0,850,0
851,0,850,1
851,0,850,1
851,0,850,1
851,0,850,1
851,0,850,1
851,0,850,1
852,0,850,2
852,0,850,2
852,0,850,2
852,0,850,2
852,0,850,2
852,0,850,2
853,0,850,3
853,0,850,3
853,0,850,3
853,0,850,3
853,0,850,3
854,0,850,4
854,0,850,4
854,0,850,4
854,0,850,4
855,0,850,5
855,0,850,5
855,0,850,5
855,0,850,5
856,0,850,6
856,0,850,6
856,0,850,6
857,0,850,7
857,0,850,7
858,0,850,8
858,0,850,8
859,0,850,9
860,0,850,10
861,0,850,11
889,0,900,-11
890,0,900,-10
891,0,900,-9
892,0,900,-8
892,0,900,-8
893,0,900,-7
893,0,900,-7
894,0,900,-6
894,0,900,-6
894,0,900,-6
895,0,900,-5
895,0,900,-5
895,0,900,-5
895,0,900,-5
896,0,900,-4
896,0,900,-4
896,0,900,-4
896,0,900,-4
897,0,900,-3
897,0,900,-3
897,0,900,-3
897,0,900,-3
897,0,900,-3
898,0,900,-2
898,0,900,-2
898,0,900,-2
898,0,900,-2
898,0,900,-2
898,0,900,-2
899,0,900,-1
899,0,900,-1
899,0,900,-1
899,0,900,-1
899,0,900,-1
899,0,900,-1
900,0,900,0
900,0,900,0
900,0,900,0
900,0,900,0
900,0,900,0
900,0,900,0
901,0,900,1
901,0,900,1
901,0,900,1
901,0,900,1
901,0,900,1
901,0,900,1
902,0,900,2
902,0,900,2
902,0,900,2
902,0,900,2
902,0,900,2
902,0,900,2
903,0,900,3
903,0,900,3
903,0,900,3
903,0,900,3
903,0,900,3
904,0,900,4
904,0,900,4
904,0,900,4
904,0,900,4
905,0,900,5
905,0,900,5
905,0,900,5
905,0,900,5
906,0,900,6
906,0,900,6
906,0,900,6
907,0,900,7
907,0,900,7
908,0,900,8
908,0,900,8
909,0,900,9
910,0,900,10
911,0,900,11
939,0,950,-11
940,0,950,-10
941,0,950,-9
942,0,950,-8
942,0,950,-8
943,0,950,-7
943,0,950,-7
944,0,950,-6
944,0,950,-6
944,0,950,-6
945,0,950,-5
945,0,950,-5
945,0,950,-5
945,0,950,-5
946,0,950,-4
946,0,950,-4
946,0,950,-4
946,0,950,-4
947,0,950,-3
947,0,950,-3
947,0,950,-3
947,0,950,-3
947,0,950,-3
948,0,950,-2
948,0,950,-2
948,0,950,-2
948,0,950,-2
948,0,950,-2
948,0,950,-2
949,0,950,-1
949,0,950,-1
949,0,950,-1
949,0,950,-1
949,0,950,-1
949,0,950,-1
950,0,950,0
950,0,950,0
950,0,950,0
950,0,950,0
950,0,950,0
950,0,950,0
951,0,950,1
951,0,950,1
951,0,950,1
951,0,950,1
951,0,950,1
951,0,950,1
952,0,950,2
952,0,950,2
952,0,950,2
952,0,950,2
952,0,950,2
952,0,950,2
953,0,950,3
953,0,950,3
953,0,950,3
953,0,950,3
953,0,950,3
954,0,950,4
954,0,950,4
954,0,950,4
954,0,950,4
955,0,950,5
955,0,950,5
955,0,950,5
955,0,950,5
956,0,950,6
956,0,950,6
956,0,950,6
957,0,950,7
957,0,950,7
958,0,950,8
958,0,950,8
959,0,950,9
960,0,950,10
961,0,950,11
989,0,1000,-11
990,0,1000,-10
991,0,1000,-9
992,0,1000,-8
992,0,1000,-8
993,0,1000,-7
993,0,1000,-7
994,0,1000,-6
994,0,1000,-6
994,0,1000,-6
995,0,1000,-5
995,0,1000,-5
995,0,1000,-5
995,0,1000,-5
996,0,1000,-4
996,0,1000,-4
996,0,1000,-4
996,0,1000,-4
997,0,1000,-3
997,0,1000,-3
997,0,1000,-3
997,0,1000,-3
997,0,1000,-3
998,0,1000,-2
998,0,1000,-2
998,0,1000,-2
998,0,1000,-2
998,0,1000,-2
998,0,1000,-2
999,0,1000,-1
999,0,1000,-1
999,0,1000,-1
999,0,1000,-1
999,0,1000,-1
999,0,1000,-1
1000,0,1000,0
1000,0,1000,0
1000,0,1000,0
1000,0,1000,0
1000,0,1000,0
1000,0,1000,0
1001,0,1000,1
1001,0,1000,1
1001,0,1000,1
1001,0,1000,1
1001,0,1000,1
1001,0,1000,1
1002,0,1000,2
1002,0,1000,2
1002,0,1000,2
1002,0,1000,2
1002,0,1000,2
1002,0,1000,2
1003,0,1000,3
1003,0,1000,3
1003,0,1000,3
1003,0,1000,3
1003,0,1000,3
1004,0,1000,4
1004,0,1000,4
1004,0,1000,4
1004,0,1000,4
1005,0,1000,5
1005,0,1000,5
1005,0,1000,5
1005,0,1000,5
1006,0,1000,6
1006,0,1000,6
1006,0,1000,6
1007,0,1000,7
1007,0,1000,7
1008,0,1000,8
1008,0,1000,8
1009,0,1000,9
1010,0,1000,10
1011,0,1000,11
1039,0,1050,-11
1040,0,1050,-10
1041,0,1050,-9
1042,0,1050,-8
1042,0,1050,-8
1043,0,1050,-7
1043,0,1050,-7
1044,0,1050,-6
1044,0,1050,-6
1044,0,1050,-6
1045,0,1050,-5
1045,0,1050,-5
1045,0,1050,-5
1045,0,1050,-5
1046,0,1050,-4
1046,0,1050,-4
1046,0,1050,-4
1046,0,1050,-4
1047,0,1050,-3
1047,0,1050,-3
1047,0,1050,-3
1047,0,1050,-3
1047,0,1050,-3
1048,0,1050,-2
1048,0,1050,-2
1048,0,1050,-2
1048,0,1050,-2
1048,0,1050,-2
1048,0,1050,-2
1049,0,1050,-1
1049,0,1050,-1
1049,0,1050,-1
1049,0,1050,-1
1049,0,1050,-1
1049,0,1050,-1
1050,0,1050,0
1050,0,1050,0
1050,0,1050,0
1050,0,1050,0
1050,0,1050,0
1050,0,1050,0
1051,0,1050,1
1051,0,1050,1
1051,0,1050,1
1051,0,1050,1
1051,0,1050,1
1051,0,1050,1
1052,0,1050,2
1052,0,1050,2
1052,0,1050,2
1052,0,1050,2
1052,0,1050,2
1052,0,1050,2
1053,0,1050,3
1053,0,1050,3
1053,0,1050,3
1053,0,1050,3
1053,0,1050,3
1054,0,1050,4
1054,0,1050,4
1054,0,1050,4
1054,0,1050,4
1055,0,1050,5
1055,0,1050,5
1055,0,1050,5
1055,0,1050,5
1056,0,1050,6
1056,0,1050,6
1056,0,1050,6
1057,0,1050,7
1057,0,1050,7
1058,0,1050,8
1058,0,1050,8
1059,0,1050,9
1060,0,1050,10
1061,0,1050,11
1089,0,1100,-11
1090,0,1100,-10
1091,0,1100,-9
1092,0,1100,-8
1092,0,1100,-8
1093,0,1100,-7
1093,0,1100,-7
1094,0,1100,-6
1094,0,1100,-6
1094,0,1100,-6
1095,0,1100,-5
1095,0,1100,-5
1095,0,1100,-5
1095,0,1100,-5
1096,0,1100,-4
1096,0,1100,-4
1096,0,1100,-4
1096,0,1100,-4
1097,0,1100,-3
1097,0,1100,-3
1097,0,1100,-3
1097,0,1100,-3
1097,0,1100,-3
1098,0,1100,-2
1098,0,1100,-2
1098,0,1100,-2
1098,0,1100,-2
1098,0,1100,-2
1098,0,1100,-2
1099,0,1100,-1
1099,0,1100,-1
1099,0,1100,-1
1099,0,1100,-1
1099,0,1100,-1
1099,0,1100,-1
1100,0,1100,0
1100,0,1100,0
1100,0,1100,0
1100,0,1100,0
1100,0,1100,0
1100,0,1100,0
1101,0,1100,1
1101,0,1100,1
1101,0,1100,1
1101,0,1100,1
1101,0,1100,1
1101,0,1100,1
1102,0,1100,2
1102,0,1100,2
1102,0,1100,2
1102,0,1100,2
1102,0,1100,2
1102,0,1100,2
1103,0,1100,3
1103,0,1100,3
1103,0,1100,3
1103,0,1100,3
1103,0,1100,3
1104,0,1100,4
1104,0,1100,4
1104,0,1100,4
1104,0,1100,4
1105,0,1100,5
1105,0,1100,5
1105,0,1100,5
1105,0,1100,5
1106,0,1100,6
1106,0,1100,6
1106,0,1100,6
1107,0,1100,7
1107,0,1100,7
1108,0,1100,8
1108,0,1100,8
1109,0,1100,9
1110,0,1100,10
1111,0,1100,11
1139,0,1150,-11
1140,0,1150,-10
1141,0,1150,-9
1142,0,1150,-8
1142,0,1150,-8
1143,0,1150,-7
1143,0,1150,-7
1144,0,1150,-6
1144,0,1150,-6
1144,0,1150,-6
1145,0,1150,-5
1145,0,1150,-5
1145,0,1150,-5
1145,0,1150,-5
1146,0,1150,-4
1146,0,1150,-4
1146,0,1150,-4
1146,0,1150,-4
1147,0,1150,-3
1147,0,1150,-3
1147,0,1150,-3
1147,0,1150,-3
1147,0,1150,-3
1148,0,1150,-2
1148,0,1150,-2
1148,0,1150,-2
1148,0,1150,-2
1148,0,1150,-2
1148,0,1150,-2
1149,0,1150,-1
1149,0,1150,-1
1149,0,1150,-1
1149,0,1150,-1
1149,0,1150,-1
1149,0,1150,-1
1150,0,1150,0
1150,0,1150,0
1150,0,1150,0
1150,0,1150,0
1150,0,1150,0
1150,0,1150,0
1151,0,1150,1
1151,0,1150,1
1151,0,1150,1
1151,0,1150,1
1151,0,1150,1
1151,0,1150,1
1152,0,1150,2
1152,0,1150,2
1152,0,1150,2
1152,0,1150,2
1152,0,1150,2
1152,0,1150,2
1153,0,1150,3
1153,0,1150,3
1153,0,1150,3
1153,0,1150,3
1153,0,1150,3
1154,0,1150,4
1154,0,1150,4
1154,0,1150,4
1154,0,1150,4
1155,0,1150,5
1155,0,1150,5
1155,0,1150,5
1155,0,1150,5
1156,0,1150,6
1156,0,1150,6
1156,0,1150,6
1157,0,1150,7
1157,0,1150,7
1158,0,1150,8
1158,0,1150,8
1159,0,1150,9
1160,0,1150,10
1161,0,1150,11
1189,0,1200,-11
1190,0,1200,-10
1191,0,1200,-9
1192,0,1200,-8
1192,0,1200,-8
1193,0,1200,-7
1193,0,1200,-7
1194,0,1200,-6
1194,0,1200,-6
1194,0,1200,-6
1195,0,1200,-5
1195,0,1200,-5
1195,0,1200,-5
1195,0,1200,-5
1196,0,1200,-4
1196,0,1200,-4
1196,0,1200,-4
1196,0,1200,-4
1197,0,1200,-3
1197,0,1200,-3
1197,0,1200,-3
1197,0,1200,-3
1197,0,1200,-3
1198,0,1200,-2
1198,0,1200,-2
1198,0,1200,-2
1198,0,1200,-2
1198,0,1200,-2
1198,0,1200,-2
1199,0,1200,-1
1199,0,1200,-1
1199,0,1200,-1
1199,0,1200,-1
1199,0,1200,-1
1199,0,1200,-1
1200,0,1200,0
1200,0,1200,0
1200,0,1200,0
1200,0,1200,0
1200,0,1200,0
1200,0,1200,0
1201,0,1200,1
1201,0,1200,1
1201,0,1200,1
1201,0,1200,1
1201,0,1200,1
1201,0,1200,1
1202,0,1200,2
1202,0,1200,2
1202,0,1200,2
1202,0,1200,2
1202,0,1200,2
1202,0,1200,2
1203,0,1200,3
1203,0,1200,3
1203,0,1200,3
1203,0,1200,3
1203,0,1200,3
1204,0,1200,4
1204,0,1200,4
1204,0,1200,4
1204,0,1200,4
1205,0,1200,5
1205,0,1200,5
1205,0,1200,5
1205,0,1200,5
1206,0,1200,6
1206,0,1200,6
1206,0,1200,6
1207,0,1200,7
1207,0,1200,7
1208,0,1200,8
1208,0,1200,8
1209,0,1200,9
1210,0,1200,10
1211,0,1200,11
1239,0,1250,-11
1240,0,1250,-10
1241,0,1250,-9
1242,0,1250,-8
1242,0,1250,-8
1243,0,1250,-7
1243,0,1250,-7
1244,0,1250,-6
1244,0,1250,-6
1244,0,1250,-6
1245,0,1250,-5
1245,0,1250,-5
1245,0,1250,-5
1245,0,1250,-5
1246,0,1250,-4
1246,0,1250,-4
1246,0,1250,-4
1246,0,1250,-4
1247,0,1250,-3
1247,0,1250,-3
1247,0,1250,-3
1247,0,1250,-3
1247,0,1250,-3
1248,0,1250,-2
1248,0,1250,-2
1248,0,1250,-2
1248,0,1250,-2
1248,0,1250,-2
1248,0,1250,-2
1249,0,1250,-1
1249,0,1250,-1
1249,0,1250,-1
1249,0,1250,-1
1249,0,1250,-1
1249,0,1250,-1
1250,0,1250,0
1250,0,1250,0
1250,0,1250,0
1250,0,1250,0
1250,0,1250,0
1250,0,1250,0
1251,0,1250,1
1251,0,1250,1
1251,0,1250,1
1251,0,1250,1
1251,0,1250,1
1251,0,1250,1
1252,0,1250,2
1252,0,1250,2
1252,0,1250,2
1252,0,1250,2
1252,0,1250,2
1252,0,1250,2
1253,0,1250,3
1253,0,1250,3
1253,0,1250,3
1253,0,1250,3
1253,0,1250,3
1254,0,1250,4
1254,0,1250,4
1254,0,1250,4
1254,0,1250,4
1255,0,1250,5
1255,0,1250,5
1255,0,1250,5
1255,0,1250,5
1256,0,1250,6
1256,0,1250,6
1256,0,1250,6
1257,0,1250,7
1257,0,1250,7
1258,0,1250,8
1258,0,1250,8
1259,0,1250,9
1260,0,1250,10
1261,0,1250,11
1289,0,1300,-11
1290,0,1300,-10
1291,0,1300,-9
1292,0,1300,-8
1292,0,1300,-8
1293,0,1300,-7
1293,0,1300,-7
1294,0,1300,-6
1294,0,1300,-6
1294,0,1300,-6
1295,0,1300,-5
1295,0,1300,-5
1295,0,1300,-5
1295,0,1300,-5
1296,0,1300,-4
1296,0,1300,-4
1296,0,1300,-4
1296,0,1300,-4
1297,0,1300,-3
1297,0,1300,-3
1297,0,1300,-3
1297,0,1300,-3
1297,0,1300,-3
1298,0,1300,-2
1298,0,1300,-2
1298,0,1300,-2
1298,0,1300,-2
1298,0,1300,-2
1298,0,1300,-2
1299,0,1300,-1
1299,0,1300,-1
1299,0,1300,-1
1299,0,1300,-1
1299,0,1300,-1
1299,0,1300,-1
1300,0,1300,0
1300,0,1300,0
1300,0,1300,0
1300,0,1300,0
1300,0,1300,0
1300,0,1300,0
1301,0,1300,1
1301,0,1300,1
1301,0,1300,1
1301,0,1300,1
1301,0,1300,1
1301,0,1300,1
1302,0,1300,2
1302,0,1300,2
1302,0,1300,2
1302,0,1300,2
1302,0,1300,2
1302,0,1300,2
1303,0,1300,3
1303,0,1300,3
1303,0,1300,3
1303,0,1300,3
1303,0,1300,3
1304,0,1300,4
1304,0,1300,4
1304,0,1300,4
1304,0,1300,4
1305,0,1300,5
1305,0,1300,5
1305,0,1300,5
1305,0,1300,5
1306,0,1300,6
1306,0,1300,6
1306,0,1300,6
1307,0,1300,7
1307,0,1300,7
1308,0,1300,8
1308,0,1300,8
1309,0,1300,9
1310,0,1300,10
1311,0,1300,11
1339,0,1350,-11
1340,0,1350,-10
1341,0,1350,-9
1342,0,1350,-8
1342,0,1350,-8
1343,0,1350,-7
1343,0,1350,-7
1344,0,1350,-6
1344,0,1350,-6
1344,0,1350,-6
1345,0,1350,-5
1345,0,1350,-5
1345,0,1350,-5
1345,0,1350,-5
1346,0,1350,-4
1346,0,1350,-4
1346,0,1350,-4
1346,0,1350,-4
1347,0,1350,-3
1347,0,1350,-3
1347,0,1350,-3
1347,0,1350,-3
1347,0,1350,-3
1348,0,1350,-2
1348,0,1350,-2
1348,0,1350,-2
1348,0,1350,-2
1348,0,1350,-2
1348,0,1350,-2
1349,0,1350,-1
1349,0,1350,-1
1349,0,1350,-1
1349,0,1350,-1
1349,0,1350,-1
1349,0,1350,-1
1350,0,1350,0
1350,0,1350,0
1350,0,1350,0
1350,0,1350,0
1350,0,1350,0
1350,0,1350,0
1351,0,1350,1
1351,0,1350,1
1351,0,1350,1
1351,0,1350,1
1351,0,1350,1
1351,0,1350,1
1352,0,1350,2
1352,0,1350,2
1352,0,1350,2
1352,0,1350,2
1352,0,1350,2
1352,0,1350,2
1353,0,1350,3
1353,0,1350,3
1353,0,1350,3
1353,0,1350,3
1353,0,1350,3
1354,0,1350,4
1354,0,1350,4
1354,0,1350,4
1354,0,1350,4
1355,0,1350,5
1355,0,1350,5
1355,0,1350,5
1355,0,1350,5
1356,0,1350,6
1356,0,1350,6
1356,0,1350,6
1357,0,1350,7
1357,0,1350,7
1358,0,1350,8
1358,0,1350,8
1359,0,1350,9
1360,0,1350,10
1361,0,1350,11
1389,0,1400,-11
1390,0,1400,-10
1391,0,1400,-9
1392,0,1400,-8
1392,0,1400,-8
1393,0,1400,-7
1393,0,1400,-7
1394,0,1400,-6
1394,0,1400,-6
1394,0,1400,-6
1395,0,1400,-5
1395,0,1400,-5
1395,0,1400,-5
1395,0,1400,-5
1396,0,1400,-4
1396,0,1400,-4
1396,0,1400,-4
1396,0,1400,-4
1397,0,1400,-3
1397,0,1400,-3
1397,0,1400,-3
1397,0,1400,-3
1397,0,1400,-3
1398,0,1400,-2
1398,0,1400,-2
1398,0,1400,-2
1398,0,1400,-2
1398,0,1400,-2
1398,0,1400,-2
1399,0,1400,-1
1399,0,1400,-1
1399,0,1400,-1
1399,0,1400,-1
1399,0,1400,-1
1399,0,1400,-1
1400,0,1400,0
1400,0,1400,0
1400,0,1400,0
1400,0,1400,0
1400,0,1400,0
1400,0,1400,0
1401,0,1400,1
1401,0,1400,1
1401,0,1400,1
1401,0,1400,1
1401,0,1400,1
1401,0,1400,1
1402,0,1400,2
1402,0,1400,2
1402,0,1400,2
1402,0,1400,2
1402,0,1400,2
1402,0,1400,2
1403,0,1400,3
1403,0,1400,3
1403,0,1400,3
1403,0,1400,3
1403,0,1400,3
1404,0,1400,4
1404,0,1400,4
1404,0,1400,4
1404,0,1400,4
1405,0,1400,5
1405,0,1400,5
1405,0,1400,5
1405,0,1400,5
1406,0,1400,6
1406,0,1400,6
1406,0,1400,6
1407,0,1400,7
1407,0,1400,7
1408,0,1400,8
1408,0,1400,8
1409,0,1400,9
1410,0,1400,10
1411,0,1400,11
1439,0,1450,-11
1440,0,1450,-10
1441,0,1450,-9
1442,0,1450,-8
1442,0,1450,-8
1443,0,1450,-7
1443,0,1450,-7
1444,0,1450,-6
1444,0,1450,-6
1444,0,1450,-6
1445,0,1450,-5
1445,0,1450,-5
1445,0,1450,-5
1445,0,1450,-5
1446,0,1450,-4
1446,0,1450,-4
1446,0,1450,-4
1446,0,1450,-4
1447,0,1450,-3
1447,0,1450,-3
1447,0,1450,-3
1447,0,1450,-3
1447,0,1450,-3
1448,0,1450,-2
1448,0,1450,-2
1448,0,1450,-2
1448,0,1450,-2
1448,0,1450,-2
1448,0,1450,-2
1449,0,1450,-1
1449,0,1450,-1
1449,0,1450,-1
1449,0,1450,-1
1449,0,1450,-1
1449,0,1450,-1
1450,0,1450,0
1450,0,1450,0
1450,0,1450,0
1450,0,1450,0
1450,0,1450,0
1450,0,1450,0
1451,0,1450,1
1451,0,1450,1
1451,0,1450,1
1451,0,1450,1
1451,0,1450,1
1451,0,1450,1
1452,0,1450,2
1452,0,1450,2
1452,0,1450,2
1452,0,1450,2
1452,0,1450,2
1452,0,1450,2
1453,0,1450,3
1453,0,1450,3
1453,0,1450,3
1453,0,1450,3
1453,0,1450,3
1454,0,1450,4
1454,0,1450,4
1454,0,1450,4
1454,0,1450,4
1455,0,1450,5
1455,0,1450,5
1455,0,1450,5
1455,0,1450,5
1456,0,1450,6
1456,0,1450,6
1456,0,1450,6
1457,0,1450,7
1457,0,1450,7
1458,0,1450,8
1458,0,1450,8
1459,0,1450,9
1460,0,1450,10
1461,0,1450,11
1489,0,1500,-11
1490,0,1500,-10
1491,0,1500,-9
1492,0,1500,-8
1492,0,1500,-8
1493,0,1500,-7
1493,0,1500,-7
1494,0,1500,-6
1494,0,1500,-6
1494,0,1500,-6
1495,0,1500,-5
1495,0,1500,-5
1495,0,1500,-5
1495,0,1500,-5
1496,0,1500,-4
1496,0,1500,-4
1496,0,1500,-4
1496,0,1500,-4
1497,0,1500,-3
1497,0,1500,-3
1497,0,1500,-3
1497,0,1500,-3
1497,0,1500,-3
1498,0,1500,-2
1498,0,1500,-2
1498,0,1500,-2
1498,0,1500,-2
1498,0,1500,-2
1498,0,1500,-2
1499,0,1500,-1
1499,0,1500,-1
1499,0,1500,-1
1499,0,1500,-1
1499,0,1500,-1
1499,0,1500,-1
1500,0,1500,0
1500,0,1500,0
1500,0,1500,0
1500,0,1500,0
1500,0,1500,0
1500,0,1500,0
1501,0,1500,1
1501,0,1500,1
1501,0,1500,1
1501,0,1500,1
1501,0,1500,1
1501,0,1500,1
1502,0,1500,2
1502,0,1500,2
1502,0,1500,2
1502,0,1500,2
1502,0,1500,2
1502,0,1500,2
1503,0,1500,3
1503,0,1500,3
1503,0,1500,3
1503,0,1500,3
1503,0,1500,3
1504,0,1500,4
1504,0,1500,4
1504,0,1500,4
1504,0,1500,4
1505,0,1500,5
1505,0,1500,5
1505,0,1500,5
1505,0,1500,5
1506,0,1500,6
1506,0,1500,6
1506,0,1500,6
1507,0,1500,7
1507,0,1500,7
1508,0,1500,8
1508,0,1500,8
1509,0,1500,9
1510,0,1500,10
1511,0,1500,11
1539,0,1550,-11
1540,0,1550,-10
1541,0,1550,-9
1542,0,1550,-8
1542,0,1550,-8
1543,0,1550,-7
1543,0,1550,-7
1544,0,1550,-6
1544,0,1550,-6
1544,0,1550,-6
1545,0,1550,-5
1545,0,1550,-5
1545,0,1550,-5
1545,0,1550,-5
1546,0,1550,-4
1546,0,1550,-4
1546,0,1550,-4
1546,0,1550,-4
1547,0,1550,-3
1547,0,1550,-3
1547,0,1550,-3
1547,0,1550,-3
1547,0,1550,-3
1548,0,1550,-2
1548,0,1550,-2
1548,0,1550,-2
1548,0,1550,-2
1548,0,1550,-2
1548,0,1550,-2
1549,0,1550,-1
1549,0,1550,-1
1549,0,1550,-1
1549,0,1550,-1
1549,0,1550,-1
1549,0,1550,-1
1550,0,1550,0
1550,0,1550,0
1550,0,1550,0
1550,0,1550,0
1550,0,1550,0
1550,0,1550,0
1551,0,1550,1
1551,0,1550,1
1551,0,1550,1
1551,0,1550,1
1551,0,1550,1
1551,0,1550,1
1552,0,1550,2
1552,0,1550,2
1552,0,1550,2
1552,0,1550,2
1552,0,1550,2
1552,0,1550,2
1553,0,1550,3
1553,0,1550,3
1553,0,1550,3
1553,0,1550,3
1553,0,1550,3
1554,0,1550,4
1554,0,1550,4
1554,0,1550,4
1554,0,1550,4
1555,0,1550,5
1555,0,1550,5
1555,0,1550,5
1555,0,1550,5
1556,0,1550,6
1556,0,1550,6
1556,0,1550,6
1557,0,1550,7
1557,0,1550,7
1558,0,1550,8
1558,0,1550,8
1559,0,1550,9
1560,0,1550,10
1561,0,1550,11
1589,0,1600,-11
1590,0,1600,-10
1591,0,1600,-9
1592,0,1600,-8
1592,0,1600,-8
1593,0,1600,-7
1593,0,1600,-7
1594,0,1600,-6
1594,0,1600,-6
1594,0,1600,-6
1595,0,1600,-5
1595,0,1600,-5
1595,0,1600,-5
1595,0,1600,-5
1596,0,1600,-4
1596,0,1600,-4
1596,0,1600,-4
1596,0,1600,-4
1597,0,1600,-3
1597,0,1600,-3
1597,0,1600,-3
1597,0,1600,-3
1597,0,1600,-3
1598,0,1600,-2
1598,0,1600,-2
1598,0,1600,-2
1598,0,1600,-2
1598,0,1600,-2
1598,0,1600,-2
1599,0,1600,-1
1599,0,1600,-1
1599,0,1600,-1
1599,0,1600,-1
1599,0,1600,-1
1599,0,1600,-1
1600,0,1600,0
1600,0,1600,0
1600,0,1600,0
1600,0,1600,0
1600,0,1600,0
1600,0,1600,0
1601,0,1600,1
1601,0,1600,1
1601,0,1600,1
1601,0,1600,1
1601,0,1600,1
1601,0,1600,1
1602,0,1600,2
1602,0,1600,2
1602,0,1600,2
1602,0,1600,2
1602,0,1600,2
1602,0,1600,2
1603,0,1600,3
1603,0,1600,3
1603,0,1600,3
1603,0,1600,3
1603,0,1600,3
1604,0,1600,4
1604,0,1600,4
1604,0,1600,4
1604,0,1600,4
1605,0,1600,5
1605,0,1600,5
1605,0,1600,5
1605,0,1600,5
1606,0,1600,6
1606,0,1600,6
1606,0,1600,6
1607,0,1600,7
1607,0,1600,7
1608,0,1600,8
1608,0,1600,8
1609,0,1600,9
1610,0,1600,10
1611,0,1600,11
1639,0,1650,-11
1640,0,1650,-10
1641,0,1650,-9
1642,0,1650,-8
1642,0,1650,-8
1643,0,1650,-7
1643,0,1650,-7
1644,0,1650,-6
1644,0,1650,-6
1644,0,1650,-6
1645,0,1650,-5
1645,0,1650,-5
1645,0,1650,-5
1645,0,1650,-5
1646,0,1650,-4
1646,0,1650,-4
1646,0,1650,-4
1646,0,1650,-4
1647,0,1650,-3
1647,0,1650,-3
1647,0,1650,-3
1647,0,1650,-3
1647,0,1650,-3
1648,0,1650,-2
1648,0,1650,-2
1648,0,1650,-2
1648,0,1650,-2
1648,0,1650,-2
1648,0,1650,-2
1649,0,1650,-1
1649,0,1650,-1
1649,0,1650,-1
1649,0,1650,-1
1649,0,1650,-1
1649,0,1650,-1
1650,0,1650,0
1650,0,1650,0
1650,0,1650,0
1650,0,1650,0
1650,0,1650,0
1650,0,1650,0
1651,0,1650,1
1651,0,1650,1
1651,0,1650,1
1651,0,1650,1
1651,0,1650,1
1651,0,1650,1
1652,0,1650,2
1652,0,1650,2
1652,0,1650,2
1652,0,1650,2
1652,0,1650,2
1652,0,1650,2
1653,0,1650,3
1653,0,1650,3
1653,0,1650,3
1653,0,1650,3
1653,0,1650,3
1654,0,1650,4
1654,0,1650,4
1654,0,1650,4
1654,0,1650,4
1655,0,1650,5
1655,0,1650,5
1655,0,1650,5
1655,0,1650,5
1656,0,1650,6
1656,0,1650,6
1656,0,1650,6
1657,0,1650,7
1657,0,1650,7
1658,0,1650,8
1658,0,1650,8
1659,0,1650,9
1660,0,1650,10
1661,0,1650,11
1689,0,1700,-11
1690,0,1700,-10
1691,0,1700,-9
1692,0,1700,-8
1692,0,1700,-8
1693,0,1700,-7
1693,0,1700,-7
1694,0,1700,-6
1694,0,1700,-6
1694,0,1700,-6
1695,0,1700,-5
1695,0,1700,-5
1695,0,1700,-5
1695,0,1700,-5
1696,0,1700,-4
1696,0,1700,-4
1696,0,1700,-4
1696,0,1700,-4
1697,0,1700,-3
1697,0,1700,-3
1697,0,1700,-3
1697,0,1700,-3
1697,0,1700,-3
1698,0,1700,-2
1698,0,1700,-2
1698,0,1700,-2
1698,0,1700,-2
1698,0,1700,-2
1698,0,1700,-2
1699,0,1700,-1
1699,0,1700,-1
1699,0,1700,-1
1699,0,1700,-1
1699,0,1700,-1
1699,0,1700,-1
1700,0,1700,0
1700,0,1700,0
1700,0,1700,0
1700,0,1700,0
1700,0,1700,0
1700,0,1700,0
1701,0,1700,1
1701,0,1700,1
1701,0,1700,1
1701,0,1700,1
1701,0,1700,1
1701,0,1700,1
1702,0,1700,2
1702,0,1700,2
1702,0,1700,2
1702,0,1700,2
1702,0,1700,2
1702,0,1700,2
1703,0,1700,3
1703,0,1700,3
1703,0,1700,3
1703,0,1700,3
1703,0,1700,3
1704,0,1700,4
1704,0,1700,4
1704,0,1700,4
1704,0,1700,4
1705,0,1700,5
1705,0,1700,5
1705,0,1700,5
1705,0,1700,5
1706,0,1700,6
1706,0,1700,6
1706,0,1700,6
1707,0,1700,7
1707,0,1700,7
1708,0,1700,8
1708,0,1700,8
1709,0,1700,9
1710,0,1700,10
1711,0,1700,11
1739,0,1750,-11
1740,0,1750,-10
1741,0,1750,-9
1742,0,1750,-8
1742,0,1750,-8
1743,0,1750,-7
1743,0,1750,-7
1744,0,1750,-6
1744,0,1750,-6
1744,0,1750,-6
1745,0,1750,-5
1745,0,1750,-5
1745,0,1750,-5
1745,0,1750,-5
1746,0,1750,-4
1746,0,1750,-4
1746,0,1750,-4
1746,0,1750,-4
1747,0,1750,-3
1747,0,1750,-3
1747,0,1750,-3
1747,0,1750,-3
1747,0,1750,-3
1748,0,1750,-2
1748,0,1750,-2
1748,0,1750,-2
1748,0,1750,-2
1748,0,1750,-2
1748,0,1750,-2
1749,0,1750,-1
1749,0,1750,-1
1749,0,1750,-1
1749,0,1750,-1
1749,0,1750,-1
1749,0,1750,-1
1750,0,1750,0
1750,0,1750,0
1750,0,1750,0
1750,0,1750,0
1750,0,1750,0
1750,0,1750,0
1751,0,1750,1
1751,0,1750,1
1751,0,1750,1
1751,0,1750,1
1751,0,1750,1
1751,0,1750,1
1752,0,1750,2
1752,0,1750,2
1752,0,1750,2
1752,0,1750,2
1752,0,1750,2
1752,0,1750,2
1753,0,1750,3
1753,0,1750,3
1753,0,1750,3
1753,0,1750,3
1753,0,1750,3
1754,0,1750,4
1754,0,1750,4
1754,0,1750,4
1754,0,1750,4
1755,0,1750,5
1755,0,1750,5
1755,0,1750,5
1755,0,1750,5
1756,0,1750,6
1756,0,1750,6
1756,0,1750,6
1757,0,1750,7
1757,0,1750,7
1758,0,1750,8
1758,0,1750,8
1759,0,1750,9
1760,0,1750,10
1761,0,1750,11
1789,0,1800,-11
1790,0,1800,-10
1791,0,1800,-9
1792,0,1800,-8
1792,0,1800,-8
1793,0,1800,-7
1793,0,1800,-7
1794,0,1800,-6
1794,0,1800,-6
1794,0,1800,-6
1795,0,1800,-5
1795,0,1800,-5
1795,0,1800,-5
1795,0,1800,-5
1796,0,1800,-4
1796,0,1800,-4
1796,0,1800,-4
1796,0,1800,-4
1797,0,1800,-3
1797,0,1800,-3
1797,0,1800,-3
1797,0,1800,-3
1797,0,1800,-3
1798,0,1800,-2
1798,0,1800,-2
1798,0,1800,-2
1798,0,1800,-2
1798,0,1800,-2
1798,0,1800,-2
1799,0,1800,-1
1799,0,1800,-1
1799,0,1800,-1
1799,0,1800,-1
1799,0,1800,-1
1799,0,1800,-1
1800,0,1800,0
1800,0,1800,0
1800,0,1800,0
1800,0,1800,0
1800,0,1800,0
1800,0,1800,0
1801,0,1800,1
1801,0,1800,1
1801,0,1800,1
1801,0,1800,1
1801,0,1800,1
1801,0,1800,1
1802,0,1800,2
1802,0,1800,2
1802,0,1800,2
1802,0,1800,2
1802,0,1800,2
1802,0,1800,2
1803,0,1800,3
1803,0,1800,3
1803,0,1800,3
1803,0,1800,3
1803,0,1800,3
1804,0,1800,4
1804,0,1800,4
1804,0,1800,4
1804,0,1800,4
1805,0,1800,5
1805,0,1800,5
1805,0,1800,5
1805,0,1800,5
1806,0,1800,6
1806,0,1800,6
1806,0,1800,6
1807,0,1800,7
1807,0,1800,7
1808,0,1800,8
1808,0,1800,8
1809,0,1800,9
1810,0,1800,10
1811,0,1800,11
1839,0,1850,-11
1840,0,1850,-10
1841,0,1850,-9
1842,0,1850,-8
1842,0,1850,-8
1843,0,1850,-7
1843,0,1850,-7
1844,0,1850,-6
1844,0,1850,-6
1844,0,1850,-6
1845,0,1850,-5
1845,0,1850,-5
1845,0,1850,-5
1845,0,1850,-5
1846,0,1850,-4
1846,0,1850,-4
1846,0,1850,-4
1846,0,1850,-4
1847,0,1850,-3
1847,0,1850,-3
1847,0,1850,-3
1847,0,1850,-3
1847,0,1850,-3
1848,0,1850,-2
1848,0,1850,-2
1848,0,1850,-2
1848,0,1850,-2
1848,0,1850,-2
1848,0,1850,-2
1849,0,1850,-1
1849,0,1850,-1
1849,0,1850,-1
1849,0,1850,-1
1849,0,1850,-1
1849,0,1850,-1
1850,0,1850,0
1850,0,1850,0
1850,0,1850,0
1850,0,1850,0
1850,0,1850,0
1850,0,1850,0
1851,0,1850,1
1851,0,1850,1
1851,0,1850,1
1851,0,1850,1
1851,0,1850,1
1851,0,1850,1
1852,0,1850,2
1852,0,1850,2
1852,0,1850,2
1852,0,1850,2
1852,0,1850,2
1852,0,1850,2
1853,0,1850,3
1853,0,1850,3
1853,0,1850,3
1853,0,1850,3
1853,0,1850,3
1854,0,1850,4
1854,0,1850,4
1854,0,1850,4
1854,0,1850,4
1855,0,1850,5
1855,0,1850,5
1855,0,1850,5
1855,0,1850,5
1856,0,1850,6
1856,0,1850,6
1856,0,1850,6
1857,0,1850,7
1857,0,1850,7
1858,0,1850,8
1858,0,1850,8
1859,0,1850,9
1860,0,1850,10
1861,0,1850,11
1889,0,1900,-11
1890,0,1900,-10
1891,0,1900,-9
1892,0,1900,-8
1892,0,1900,-8
1893,0,1900,-7
1893,0,1900,-7
1894,0,1900,-6
1894,0,1900,-6
1894,0,1900,-6
1895,0,1900,-5
1895,0,1900,-5
1895,0,1900,-5
1895,0,1900,-5
1896,0,1900,-4
1896,0,1900,-4
1896,0,1900,-4
1896,0,1900,-4
1897,0,1900,-3
1897,0,1900,-3
1897,0,1900,-3
1897,0,1900,-3
1897,0,1900,-3
1898,0,1900,-2
1898,0,1900,-2
1898,0,1900,-2
1898,0,1900,-2
1898,0,1900,-2
1898,0,1900,-2
1899,0,1900,-1
1899,0,1900,-1
1899,0,1900,-1
1899,0,1900,-1
1899,0,1900,-1
1899,0,1900,-1
1900,0,1900,0
1900,0,1900,0
1900,0,1900,0
1900,0,1900,0
1900,0,1900,0
1900,0,1900,0
1901,0,1900,1
1901,0,1900,1
1901,0,1900,1
1901,0,1900,1
1901,0,1900,1
1901,0,1900,1
1902,0,1900,2
1902,0,1900,2
1902,0,1900,2
1902,0,1900,2
1902,0,1900,2
1902,0,1900,2
1903,0,1900,3
1903,0,1900,3
1903,0,1900,3
1903,0,1900,3
1903,0,1900,3
1904,0,1900,4
1904,0,1900,4
1904,0,1900,4
1904,0,1900,4
1905,0,1900,5
1905,0,1900,5
1905,0,1900,5
1905,0,1900,5
1906,0,1900,6
1906,0,1900,6
1906,0,1900,6
1907,0,1900,7
1907,0,1900,7
1908,0,1900,8
1908,0,1900,8
1909,0,1900,9
1910,0,1900,10
1911,0,1900,11
1939,0,1950,-11
1940,0,1950,-10
1941,0,1950,-9
1942,0,1950,-8
1942,0,1950,-8
1943,0,1950,-7
1943,0,1950,-7
1944,0,1950,-6
1944,0,1950,-6
1944,0,1950,-6
1945,0,1950,-5
1945,0,1950,-5
1945,0,1950,-5
1945,0,1950,-5
1946,0,1950,-4
1946,0,1950,-4
1946,0,1950,-4
1946,0,1950,-4
1947,0,1950,-3
1947,0,1950,-3
1947,0,1950,-3
1947,0,1950,-3
1947,0,1950,-3
1948,0,1950,-2
1948,0,1950,-2
1948,0,1950,-2
1948,0,1950,-2
1948,0,1950,-2
1948,0,1950,-2
1949,0,1950,-1
1949,0,1950,-1
1949,0,1950,-1
1949,0,1950,-1
1949,0,1950,-1
1949,0,1950,-1
1950,0,1950,0
1950,0,1950,0
1950,0,1950,0
1950,0,1950,0
1950,0,1950,0
1950,0,1950,0
1951,0,1950,1
1951,0,1950,1
1951,0,1950,1
1951,0,1950,1
1951,0,1950,1
1951,0,1950,1
1952,0,1950,2
1952,0,1950,2
1952,0,1950,2
1952,0,1950,2
1952,0,1950,2
1952,0,1950,2
1953,0,1950,3
1953,0,1950,3
1953,0,1950,3
1953,0,1950,3
1953,0,1950,3
1954,0,1950,4
1954,0,1950,4
1954,0,1950,4
1954,0,1950,4
1955,0,1950,5
1955,0,1950,5
1955,0,1950,5
1955,0,1950,5
1956,0,1950,6
1956,0,1950,6
1956,0,1950,6
1957,0,1950,7
1957,0,1950,7
1958,0,1950,8
1958,0,1950,8
1959,0,1950,9
1960,0,1950,10
1961,0,1950,11
